Mês/Ano;Região;Estado;Produção Etanol Hidratado(m³);Produção Etanol Anidro (m³)
abr/24;CENTRO OESTE;Goiás;206405;48314
abr/24;CENTRO OESTE;Mato Grosso;315300;107082
abr/24;CENTRO OESTE;Mato Grosso do Sul;257617;48233
abr/24;NORDESTE;Alagoas;5676;19
abr/24;NORDESTE;Bahia;9474;777
abr/24;NORDESTE;Paraíba;10756;1242
abr/24;NORDESTE;Pernambuco;11924;2265
abr/24;NORTE;Tocantins;12582;
abr/24;SUDESTE;Espírito Santo;648;
abr/24;SUDESTE;Minas Gerais;173781;49860
abr/24;SUDESTE;São Paulo;699831;301080
abr/24;SUL;Paraná;70757;51333
mar/24;CENTRO OESTE;Goiás;54062;4492
mar/24;CENTRO OESTE;Mato Grosso;316941;95326
mar/24;CENTRO OESTE;Mato Grosso do Sul;137632;49836
mar/24;NORDESTE;Alagoas;21935;21226
mar/24;NORDESTE;Paraíba;7392;10068
mar/24;NORDESTE;Pernambuco;21109;3936
mar/24;NORDESTE;Rio Grande do Norte;4915;
mar/24;NORDESTE;Sergipe;5137;845
mar/24;SUDESTE;Minas Gerais;12874;1042
mar/24;SUDESTE;São Paulo;112962;56682
mar/24;SUL;Paraná;33056;4948
mar/24;SUL;Rio Grande do Sul;1;
fev/24;CENTRO OESTE;Goiás;45047;15866
fev/24;CENTRO OESTE;Mato Grosso;269709;117749
fev/24;CENTRO OESTE;Mato Grosso do Sul;70727;48473
fev/24;NORDESTE;Alagoas;31256;31904
fev/24;NORDESTE;Paraíba;8493;12682
fev/24;NORDESTE;Pernambuco;22574;9475
fev/24;NORDESTE;Rio Grande do Norte;14035;607
fev/24;NORDESTE;Sergipe;6825;2851
fev/24;SUDESTE;Minas Gerais;934;
fev/24;SUDESTE;São Paulo;17071;14556
fev/24;SUL;Rio Grande do Sul;1;
jan/24;CENTRO OESTE;Goiás;55299;13162
jan/24;CENTRO OESTE;Mato Grosso;261626;146624
jan/24;CENTRO OESTE;Mato Grosso do Sul;62710;65062
jan/24;NORDESTE;Alagoas;43514;34782
jan/24;NORDESTE;Paraíba;16255;29393
jan/24;NORDESTE;Pernambuco;18586;18982
jan/24;NORDESTE;Rio Grande do Norte;13236;2387
jan/24;NORDESTE;Sergipe;10769;3205
jan/24;NORTE;Pará;;3351
jan/24;SUDESTE;Minas Gerais;1325;
jan/24;SUDESTE;São Paulo;22099;27019
jan/24;SUL;Paraná;100;3840
jan/24;SUL;Rio Grande do Sul;1;
dez/23;CENTRO OESTE;Goiás;141094;44240
dez/23;CENTRO OESTE;Mato Grosso;330355;81197
dez/23;CENTRO OESTE;Mato Grosso do Sul;134471;81209
dez/23;NORDESTE;Alagoas;40226;40032
dez/23;NORDESTE;Bahia;5990;2440
dez/23;NORDESTE;Paraíba;26393;27642
dez/23;NORDESTE;Pernambuco;24624;22868
dez/23;NORDESTE;Rio Grande do Norte;13113;5709
dez/23;NORDESTE;Sergipe;9909;3698
dez/23;NORTE;Pará;;6776
dez/23;SUDESTE;Espírito Santo;3;2437
dez/23;SUDESTE;Minas Gerais;63976;23715
dez/23;SUDESTE;São Paulo;426861;223407
dez/23;SUL;Paraná;24713;13047
dez/23;SUL;Rio Grande do Sul;1;
nov/23;CENTRO OESTE;Goiás;306873;96747
nov/23;CENTRO OESTE;Mato Grosso;305546;123933
nov/23;CENTRO OESTE;Mato Grosso do Sul;220769;93924
nov/23;NORDESTE;Alagoas;41025;34078
nov/23;NORDESTE;Bahia;26851;11904
nov/23;NORDESTE;Maranhão;148;5695
nov/23;NORDESTE;Paraíba;24970;33938
nov/23;NORDESTE;Pernambuco;29254;20762
nov/23;NORDESTE;Piauí;1100;6081
nov/23;NORDESTE;Rio Grande do Norte;15004;7484
nov/23;NORDESTE;Sergipe;10128;3163
nov/23;NORTE;Amazonas;1708;
nov/23;NORTE;Pará;3076;4045
nov/23;NORTE;Tocantins;1752;2582
nov/23;SUDESTE;Espírito Santo;3166;4846
nov/23;SUDESTE;Minas Gerais;166946;110086
nov/23;SUDESTE;Rio de Janeiro;3200;
nov/23;SUDESTE;São Paulo;792974;579515
nov/23;SUL;Paraná;50426;39890
nov/23;SUL;Rio Grande do Sul;2;
out/23;CENTRO OESTE;Goiás;477040;136252
out/23;CENTRO OESTE;Mato Grosso;367563;190928
out/23;CENTRO OESTE;Mato Grosso do Sul;249647;141428
out/23;NORDESTE;Alagoas;31365;39419
out/23;NORDESTE;Bahia;36817;19291
out/23;NORDESTE;Maranhão;3514;18566
out/23;NORDESTE;Paraíba;17888;39566
out/23;NORDESTE;Pernambuco;23080;23849
out/23;NORDESTE;Piauí;1221;7364
out/23;NORDESTE;Rio Grande do Norte;14359;8332
out/23;NORDESTE;Sergipe;8538;3059
out/23;NORTE;Amazonas;2628;
out/23;NORTE;Pará;2555;2817
out/23;NORTE;Tocantins;10079;12997
out/23;SUDESTE;Espírito Santo;998;9341
out/23;SUDESTE;Minas Gerais;221150;163074
out/23;SUDESTE;Rio de Janeiro;7314;
out/23;SUDESTE;São Paulo;833425;655275
out/23;SUL;Paraná;64887;60369
out/23;SUL;Rio Grande do Sul;3;
set/23;CENTRO OESTE;Goiás;612648;169834
set/23;CENTRO OESTE;Mato Grosso;331767;229349
set/23;CENTRO OESTE;Mato Grosso do Sul;321685;117070
set/23;NORDESTE;Alagoas;20321;8161
set/23;NORDESTE;Bahia;32744;18945
set/23;NORDESTE;Maranhão;6638;27077
set/23;NORDESTE;Paraíba;18125;35077
set/23;NORDESTE;Pernambuco;14714;9007
set/23;NORDESTE;Piauí;2239;7085
set/23;NORDESTE;Rio Grande do Norte;10066;7809
set/23;NORDESTE;Sergipe;3740;186
set/23;NORTE;Amazonas;1465;
set/23;NORTE;Pará;2579;4502
set/23;NORTE;Tocantins;9287;18065
set/23;SUDESTE;Espírito Santo;732;10654
set/23;SUDESTE;Minas Gerais;291077;182137
set/23;SUDESTE;Rio de Janeiro;14559;
set/23;SUDESTE;São Paulo;1085232;847921
set/23;SUL;Paraná;63071;97578
set/23;SUL;Rio Grande do Sul;3;
ago/23;CENTRO OESTE;Goiás;665496;167493
ago/23;CENTRO OESTE;Mato Grosso;345249;227672
ago/23;CENTRO OESTE;Mato Grosso do Sul;378912;119057
ago/23;NORDESTE;Alagoas;855;
ago/23;NORDESTE;Bahia;32894;22560
ago/23;NORDESTE;Maranhão;6067;28060
ago/23;NORDESTE;Paraíba;15038;28780
ago/23;NORDESTE;Pernambuco;6230;353
ago/23;NORDESTE;Piauí;2945;7167
ago/23;NORDESTE;Rio Grande do Norte;6011;5877
ago/23;NORTE;Amazonas;1004;
ago/23;NORTE;Pará;2317;7117
ago/23;NORTE;Tocantins;13317;18165
ago/23;SUDESTE;Espírito Santo;1285;11111
ago/23;SUDESTE;Minas Gerais;303829;207886
ago/23;SUDESTE;Rio de Janeiro;19136;
ago/23;SUDESTE;São Paulo;1149446;909066
ago/23;SUL;Paraná;63437;113819
ago/23;SUL;Rio Grande do Sul;2;
jul/23;CENTRO OESTE;Goiás;658603;184392
jul/23;CENTRO OESTE;Mato Grosso;326237;253123
jul/23;CENTRO OESTE;Mato Grosso do Sul;376958;147575
jul/23;NORDESTE;Bahia;28224;25163
jul/23;NORDESTE;Maranhão;5522;27427
jul/23;NORDESTE;Paraíba;5192;627
jul/23;NORDESTE;Piauí;5245;4603
jul/23;NORTE;Pará;1886;7506
jul/23;NORTE;Tocantins;13061;18646
jul/23;SUDESTE;Espírito Santo;1385;10841
jul/23;SUDESTE;Minas Gerais;308189;205967
jul/23;SUDESTE;Rio de Janeiro;19991;
jul/23;SUDESTE;São Paulo;1088325;946078
jul/23;SUL;Paraná;72780;121228
jul/23;SUL;Rio Grande do Sul;3;
jun/23;CENTRO OESTE;Goiás;523622;194109
jun/23;CENTRO OESTE;Mato Grosso;322690;219175
jun/23;CENTRO OESTE;Mato Grosso do Sul;243159;167188
jun/23;NORDESTE;Bahia;29577;23820
jun/23;NORDESTE;Maranhão;1808;21360
jun/23;NORDESTE;Piauí;1567;541
jun/23;NORTE;Pará;2435;5699
jun/23;NORTE;Tocantins;9255;14878
jun/23;SUDESTE;Espírito Santo;1188;12737
jun/23;SUDESTE;Minas Gerais;241665;201894
jun/23;SUDESTE;Rio de Janeiro;7506;
jun/23;SUDESTE;São Paulo;798927;770571
jun/23;SUL;Paraná;58094;96618
jun/23;SUL;Rio Grande do Sul;0;
mai/23;CENTRO OESTE;Goiás;497053;157108
mai/23;CENTRO OESTE;Mato Grosso;328143;194021
mai/23;CENTRO OESTE;Mato Grosso do Sul;281040;166670
mai/23;NORDESTE;Alagoas;14882;6303
mai/23;NORDESTE;Bahia;24664;15492
mai/23;NORDESTE;Maranhão;6;8447
mai/23;NORDESTE;Paraíba;1762;432
mai/23;NORDESTE;Pernambuco;427;2143
mai/23;NORDESTE;Sergipe;452;
mai/23;NORTE;Pará;684;143
mai/23;NORTE;Tocantins;9245;16567
mai/23;SUDESTE;Espírito Santo;1869;9319
mai/23;SUDESTE;Minas Gerais;244869;179264
mai/23;SUDESTE;Rio de Janeiro;3590;
mai/23;SUDESTE;São Paulo;963800;896228
mai/23;SUL;Paraná;71932;100365
abr/23;CENTRO OESTE;Goiás;194057;57769
abr/23;CENTRO OESTE;Mato Grosso;264346;112920
abr/23;CENTRO OESTE;Mato Grosso do Sul;175146;68368
abr/23;NORDESTE;Alagoas;24475;22350
abr/23;NORDESTE;Bahia;17550;5350
abr/23;NORDESTE;Maranhão;;353
abr/23;NORDESTE;Paraíba;6737;6904
abr/23;NORDESTE;Pernambuco;9882;6181
abr/23;NORDESTE;Sergipe;6588;620
abr/23;NORTE;Tocantins;14609;6134
abr/23;SUDESTE;Espírito Santo;244;6032
abr/23;SUDESTE;Minas Gerais;118802;49951
abr/23;SUDESTE;São Paulo;417878;253671
abr/23;SUL;Paraná;44469;50767
mar/23;CENTRO OESTE;Goiás;57301;15474
mar/23;CENTRO OESTE;Mato Grosso;204355;116795
mar/23;CENTRO OESTE;Mato Grosso do Sul;75450;59056
mar/23;NORDESTE;Alagoas;24125;35963
mar/23;NORDESTE;Bahia;609;
mar/23;NORDESTE;Paraíba;14007;15606
mar/23;NORDESTE;Pernambuco;16889;23412
mar/23;NORDESTE;Rio Grande do Norte;4764;3131
mar/23;NORDESTE;Sergipe;9755;2720
mar/23;NORTE;Tocantins;4070;
mar/23;SUDESTE;Minas Gerais;10450;6066
mar/23;SUDESTE;São Paulo;81070;18866
mar/23;SUL;Paraná;4886;10692
mar/23;SUL;Rio Grande do Sul;3;
fev/23;CENTRO OESTE;Goiás;19756;4132
fev/23;CENTRO OESTE;Mato Grosso;149387;108966
fev/23;CENTRO OESTE;Mato Grosso do Sul;40606;35431
fev/23;NORDESTE;Alagoas;25590;36135
fev/23;NORDESTE;Bahia;500;
fev/23;NORDESTE;Paraíba;13182;31402
fev/23;NORDESTE;Pernambuco;20241;20274
fev/23;NORDESTE;Rio Grande do Norte;8698;6537
fev/23;NORDESTE;Sergipe;10875;2844
fev/23;SUDESTE;Minas Gerais;3046;
fev/23;SUDESTE;São Paulo;1524;3030
fev/23;SUL;Paraná;;4081
fev/23;SUL;Rio Grande do Sul;2;
jan/23;CENTRO OESTE;Goiás;33068;5448
jan/23;CENTRO OESTE;Mato Grosso;144904;124028
jan/23;CENTRO OESTE;Mato Grosso do Sul;49039;63891
jan/23;NORDESTE;Alagoas;25470;40986
jan/23;NORDESTE;Bahia;422;
jan/23;NORDESTE;Paraíba;10669;45353
jan/23;NORDESTE;Pernambuco;19960;31874
jan/23;NORDESTE;Rio Grande do Norte;12943;8440
jan/23;NORDESTE;Sergipe;11322;3292
jan/23;SUDESTE;Minas Gerais;664;
jan/23;SUDESTE;São Paulo;5121;3283
jan/23;SUL;Paraná;409;3663
jan/23;SUL;Rio Grande do Sul;1;
dez/22;CENTRO OESTE;Goiás;53960;3952
dez/22;CENTRO OESTE;Mato Grosso;172272;137742
dez/22;CENTRO OESTE;Mato Grosso do Sul;100734;118772
dez/22;NORDESTE;Alagoas;27381;32527
dez/22;NORDESTE;Bahia;4107;5208
dez/22;NORDESTE;Paraíba;19421;47411
dez/22;NORDESTE;Pernambuco;23450;32296
dez/22;NORDESTE;Piauí;2520;
dez/22;NORDESTE;Rio Grande do Norte;14989;6560
dez/22;NORDESTE;Sergipe;14237;2400
dez/22;SUDESTE;Minas Gerais;15653;11176
dez/22;SUDESTE;São Paulo;100966;38785
dez/22;SUL;Paraná;31137;38452
dez/22;SUL;Rio Grande do Sul;2;
nov/22;CENTRO OESTE;Goiás;218996;53234
nov/22;CENTRO OESTE;Mato Grosso;194552;125359
nov/22;CENTRO OESTE;Mato Grosso do Sul;176793;163492
nov/22;NORDESTE;Alagoas;27182;32065
nov/22;NORDESTE;Bahia;17019;10530
nov/22;NORDESTE;Maranhão;5;4168
nov/22;NORDESTE;Paraíba;27097;36932
nov/22;NORDESTE;Pernambuco;19506;29346
nov/22;NORDESTE;Piauí;4702;2334
nov/22;NORDESTE;Rio Grande do Norte;14856;5726
nov/22;NORDESTE;Sergipe;10802;3152
nov/22;NORTE;Amazonas;578;
nov/22;NORTE;Pará;1626;5652
nov/22;NORTE;Tocantins;9855;3943
nov/22;SUDESTE;Espírito Santo;54;2610
nov/22;SUDESTE;Minas Gerais;75920;86404
nov/22;SUDESTE;São Paulo;486635;460012
nov/22;SUL;Paraná;58195;94274
nov/22;SUL;Rio Grande do Sul;2;
out/22;CENTRO OESTE;Goiás;408739;108447
out/22;CENTRO OESTE;Mato Grosso;229892;174639
out/22;CENTRO OESTE;Mato Grosso do Sul;161740;136663
out/22;NORDESTE;Alagoas;31702;33969
out/22;NORDESTE;Bahia;34062;21248
out/22;NORDESTE;Maranhão;1997;22800
out/22;NORDESTE;Paraíba;23438;40723
out/22;NORDESTE;Pernambuco;17390;32536
out/22;NORDESTE;Piauí;957;6986
out/22;NORDESTE;Rio Grande do Norte;11458;6882
out/22;NORDESTE;Sergipe;10508;3168
out/22;NORTE;Amazonas;2127;
out/22;NORTE;Pará;1989;7619
out/22;NORTE;Tocantins;11956;16610
out/22;SUDESTE;Espírito Santo;1636;7469
out/22;SUDESTE;Minas Gerais;134844;154843
out/22;SUDESTE;Rio de Janeiro;2989;
out/22;SUDESTE;São Paulo;659019;723883
out/22;SUL;Paraná;46140;60792
out/22;SUL;Rio Grande do Sul;2;
set/22;CENTRO OESTE;Goiás;580228;142077
set/22;CENTRO OESTE;Mato Grosso;275380;174211
set/22;CENTRO OESTE;Mato Grosso do Sul;230994;137939
set/22;NORDESTE;Alagoas;18488;10775
set/22;NORDESTE;Bahia;23842;25638
set/22;NORDESTE;Maranhão;2728;20559
set/22;NORDESTE;Paraíba;18427;40650
set/22;NORDESTE;Pernambuco;11448;18124
set/22;NORDESTE;Piauí;894;7110
set/22;NORDESTE;Rio Grande do Norte;8907;6794
set/22;NORDESTE;Sergipe;2872;159
set/22;NORTE;Amazonas;1108;
set/22;NORTE;Pará;1906;7814
set/22;NORTE;Tocantins;11062;14056
set/22;SUDESTE;Espírito Santo;2564;10385
set/22;SUDESTE;Minas Gerais;228789;186471
set/22;SUDESTE;Rio de Janeiro;13397;
set/22;SUDESTE;São Paulo;747731;745227
set/22;SUL;Paraná;49361;66094
set/22;SUL;Rio Grande do Sul;1;
ago/22;CENTRO OESTE;Goiás;652407;208582
ago/22;CENTRO OESTE;Mato Grosso;275559;171115
ago/22;CENTRO OESTE;Mato Grosso do Sul;257052;144470
ago/22;NORDESTE;Bahia;25956;27269
ago/22;NORDESTE;Maranhão;2737;21108
ago/22;NORDESTE;Paraíba;9359;30765
ago/22;NORDESTE;Pernambuco;4107;1392
ago/22;NORDESTE;Piauí;1726;7466
ago/22;NORDESTE;Rio Grande do Norte;5188;1708
ago/22;NORTE;Amazonas;772;
ago/22;NORTE;Pará;2054;7130
ago/22;NORTE;Tocantins;14012;16286
ago/22;SUDESTE;Espírito Santo;1695;15232
ago/22;SUDESTE;Minas Gerais;290160;213878
ago/22;SUDESTE;Rio de Janeiro;19605;
ago/22;SUDESTE;São Paulo;1012178;908846
ago/22;SUL;Paraná;60588;79028
jul/22;CENTRO OESTE;Goiás;648001;192068
jul/22;CENTRO OESTE;Mato Grosso;279487;203092
jul/22;CENTRO OESTE;Mato Grosso do Sul;312056;174244
jul/22;NORDESTE;Bahia;34368;22037
jul/22;NORDESTE;Maranhão;2892;21399
jul/22;NORDESTE;Paraíba;2378;3665
jul/22;NORDESTE;Piauí;4409;4019
jul/22;NORTE;Pará;2126;6016
jul/22;NORTE;Tocantins;17102;13902
jul/22;SUDESTE;Espírito Santo;2598;16917
jul/22;SUDESTE;Minas Gerais;277944;216124
jul/22;SUDESTE;Rio de Janeiro;26801;
jul/22;SUDESTE;São Paulo;1145811;982415
jul/22;SUL;Paraná;91956;103313
jun/22;CENTRO OESTE;Goiás;558810;149066
jun/22;CENTRO OESTE;Mato Grosso;249094;187190
jun/22;CENTRO OESTE;Mato Grosso do Sul;249786;144598
jun/22;NORDESTE;Bahia;31351;11969
jun/22;NORDESTE;Maranhão;1474;18081
jun/22;NORDESTE;Piauí;1910;
jun/22;NORTE;Pará;1617;5306
jun/22;NORTE;Tocantins;19435;12549
jun/22;SUDESTE;Espírito Santo;3247;15654
jun/22;SUDESTE;Minas Gerais;255247;180970
jun/22;SUDESTE;Rio de Janeiro;27385;
jun/22;SUDESTE;São Paulo;931671;810273
jun/22;SUL;Paraná;63107;53569
jun/22;SUL;Rio Grande do Sul;1;
mai/22;CENTRO OESTE;Goiás;523939;183521
mai/22;CENTRO OESTE;Mato Grosso;285142;124887
mai/22;CENTRO OESTE;Mato Grosso do Sul;242113;106652
mai/22;NORDESTE;Bahia;23907;8192
mai/22;NORDESTE;Maranhão;1016;18754
mai/22;NORDESTE;Pernambuco;88;
mai/22;NORTE;Pará;1208;711
mai/22;NORTE;Tocantins;10540;15450
mai/22;SUDESTE;Espírito Santo;2801;13714
mai/22;SUDESTE;Minas Gerais;249993;139097
mai/22;SUDESTE;Rio de Janeiro;18356;
mai/22;SUDESTE;São Paulo;982010;707557
mai/22;SUL;Paraná;74890;68568
mai/22;SUL;Rio Grande do Sul;1;
abr/22;CENTRO OESTE;Goiás;266133;35953
abr/22;CENTRO OESTE;Mato Grosso;229911;44761
abr/22;CENTRO OESTE;Mato Grosso do Sul;153914;26441
abr/22;NORDESTE;Alagoas;3252;
abr/22;NORDESTE;Bahia;7754;452
abr/22;NORDESTE;Maranhão;5;3387
abr/22;NORDESTE;Paraíba;4028;
abr/22;NORDESTE;Pernambuco;3032;1119
abr/22;NORTE;Tocantins;18001;378
abr/22;SUDESTE;Espírito Santo;1572;5752
abr/22;SUDESTE;Minas Gerais;132726;37895
abr/22;SUDESTE;Rio de Janeiro;1635;
abr/22;SUDESTE;São Paulo;354980;175177
abr/22;SUL;Paraná;19262;18283
mar/22;CENTRO OESTE;Goiás;63604;899
mar/22;CENTRO OESTE;Mato Grosso;183684;78150
mar/22;CENTRO OESTE;Mato Grosso do Sul;27231;11790
mar/22;NORDESTE;Alagoas;31852;7606
mar/22;NORDESTE;Paraíba;10681;
mar/22;NORDESTE;Pernambuco;10149;5490
mar/22;NORDESTE;Sergipe;1542;
mar/22;NORTE;Tocantins;4438;
mar/22;SUDESTE;Minas Gerais;6160;
mar/22;SUDESTE;São Paulo;5254;
mar/22;SUL;Paraná;692;3170
fev/22;CENTRO OESTE;Goiás;36997;2882
fev/22;CENTRO OESTE;Mato Grosso;173170;69473
fev/22;NORDESTE;Alagoas;33547;24428
fev/22;NORDESTE;Paraíba;4202;6956
fev/22;NORDESTE;Pernambuco;31143;12893
fev/22;NORDESTE;Sergipe;9254;2453
fev/22;SUDESTE;Minas Gerais;655;
fev/22;SUDESTE;São Paulo;9960;40
fev/22;SUL;Paraná;641;2328
jan/22;CENTRO OESTE;Goiás;25726;6303
jan/22;CENTRO OESTE;Mato Grosso;194898;75859
jan/22;NORDESTE;Alagoas;34929;35204
jan/22;NORDESTE;Paraíba;11508;24220
jan/22;NORDESTE;Pernambuco;37269;17960
jan/22;NORDESTE;Rio Grande do Norte;7345;1396
jan/22;NORDESTE;Sergipe;14470;4088
jan/22;NORTE;Amazonas;1310;
jan/22;SUDESTE;Minas Gerais;3;
jan/22;SUDESTE;São Paulo;10328;3002
jan/22;SUL;Paraná;2295;1416
jan/22;SUL;Rio Grande do Sul;1;
dez/21;CENTRO OESTE;Goiás;56261;10776
dez/21;CENTRO OESTE;Mato Grosso;198026;72725
dez/21;CENTRO OESTE;Mato Grosso do Sul;1644;83
dez/21;NORDESTE;Alagoas;39152;33758
dez/21;NORDESTE;Bahia;515;1112
dez/21;NORDESTE;Maranhão;;5696
dez/21;NORDESTE;Paraíba;18141;37760
dez/21;NORDESTE;Pernambuco;44666;19850
dez/21;NORDESTE;Piauí;3159;
dez/21;NORDESTE;Rio Grande do Norte;14336;2752
dez/21;NORDESTE;Sergipe;14765;5162
dez/21;NORTE;Amazonas;1180;
dez/21;NORTE;Pará;334;5416
dez/21;SUDESTE;Espírito Santo;438;208
dez/21;SUDESTE;Minas Gerais;2382;4756
dez/21;SUDESTE;Rio de Janeiro;182;
dez/21;SUDESTE;São Paulo;20655;9782
dez/21;SUL;Paraná;2786;6747
nov/21;CENTRO OESTE;Goiás;164522;45687
nov/21;CENTRO OESTE;Mato Grosso;221630;87697
nov/21;CENTRO OESTE;Mato Grosso do Sul;64005;38243
nov/21;NORDESTE;Alagoas;39730;41128
nov/21;NORDESTE;Bahia;10671;13445
nov/21;NORDESTE;Maranhão;5;12145
nov/21;NORDESTE;Paraíba;22080;43935
nov/21;NORDESTE;Pernambuco;37120;33696
nov/21;NORDESTE;Piauí;2116;3522
nov/21;NORDESTE;Rio Grande do Norte;16463;4811
nov/21;NORDESTE;Sergipe;18901;4131
nov/21;NORTE;Amazonas;1725;
nov/21;NORTE;Pará;2144;4863
nov/21;NORTE;Tocantins;8623;8807
nov/21;SUDESTE;Espírito Santo;1466;5453
nov/21;SUDESTE;Minas Gerais;51413;43822
nov/21;SUDESTE;Rio de Janeiro;4312;
nov/21;SUDESTE;São Paulo;163261;157494
nov/21;SUL;Paraná;31277;59800
out/21;CENTRO OESTE;Goiás;356439;129095
out/21;CENTRO OESTE;Mato Grosso;260988;147303
out/21;CENTRO OESTE;Mato Grosso do Sul;106427;54960
out/21;NORDESTE;Alagoas;40396;33810
out/21;NORDESTE;Bahia;19754;14559
out/21;NORDESTE;Maranhão;11;16096
out/21;NORDESTE;Paraíba;19300;46374
out/21;NORDESTE;Pernambuco;39030;31553
out/21;NORDESTE;Piauí;580;6501
out/21;NORDESTE;Rio Grande do Norte;11953;8607
out/21;NORDESTE;Sergipe;19302;3314
out/21;NORTE;Amazonas;1272;
out/21;NORTE;Pará;1357;7453
out/21;NORTE;Tocantins;7975;14111
out/21;SUDESTE;Espírito Santo;2102;8302
out/21;SUDESTE;Minas Gerais;140693;120844
out/21;SUDESTE;Rio de Janeiro;9854;
out/21;SUDESTE;São Paulo;488465;436932
out/21;SUL;Paraná;25794;40064
set/21;CENTRO OESTE;Goiás;568162;189987
set/21;CENTRO OESTE;Mato Grosso;276261;168367
set/21;CENTRO OESTE;Mato Grosso do Sul;227520;123638
set/21;NORDESTE;Alagoas;20815;14170
set/21;NORDESTE;Bahia;28913;17246
set/21;NORDESTE;Maranhão;2501;25145
set/21;NORDESTE;Paraíba;15499;40963
set/21;NORDESTE;Pernambuco;23813;11254
set/21;NORDESTE;Piauí;2446;5742
set/21;NORDESTE;Rio Grande do Norte;5546;9769
set/21;NORDESTE;Sergipe;1710;
set/21;NORTE;Amazonas;1639;
set/21;NORTE;Pará;3332;5484
set/21;NORTE;Tocantins;14641;12816
set/21;SUDESTE;Espírito Santo;2441;11231
set/21;SUDESTE;Minas Gerais;252495;187123
set/21;SUDESTE;Rio de Janeiro;25700;
set/21;SUDESTE;São Paulo;1067366;887598
set/21;SUL;Paraná;86245;84544
ago/21;CENTRO OESTE;Goiás;615193;229196
ago/21;CENTRO OESTE;Mato Grosso;282703;179472
ago/21;CENTRO OESTE;Mato Grosso do Sul;276115;127163
ago/21;NORDESTE;Alagoas;943;738
ago/21;NORDESTE;Bahia;28340;23642
ago/21;NORDESTE;Maranhão;2276;26815
ago/21;NORDESTE;Paraíba;14864;20227
ago/21;NORDESTE;Piauí;5895;2939
ago/21;NORDESTE;Rio Grande do Norte;2538;
ago/21;NORTE;Amazonas;572;
ago/21;NORTE;Pará;1558;6688
ago/21;NORTE;Tocantins;25446;6538
ago/21;SUDESTE;Espírito Santo;635;15213
ago/21;SUDESTE;Minas Gerais;287479;214806
ago/21;SUDESTE;Rio de Janeiro;30210;
ago/21;SUDESTE;São Paulo;1135592;960479
ago/21;SUL;Paraná;96841;87922
jul/21;CENTRO OESTE;Goiás;596726;229581
jul/21;CENTRO OESTE;Mato Grosso;297363;156893
jul/21;CENTRO OESTE;Mato Grosso do Sul;310332;122016
jul/21;NORDESTE;Bahia;29386;23656
jul/21;NORDESTE;Maranhão;1866;26488
jul/21;NORDESTE;Paraíba;2754;3823
jul/21;NORDESTE;Piauí;1507;6557
jul/21;NORTE;Pará;2836;6997
jul/21;NORTE;Tocantins;16960;12475
jul/21;SUDESTE;Espírito Santo;1325;15941
jul/21;SUDESTE;Minas Gerais;277757;211735
jul/21;SUDESTE;Rio de Janeiro;30931;
jul/21;SUDESTE;São Paulo;1110452;1008391
jul/21;SUL;Paraná;93257;91723
jul/21;SUL;Rio Grande do Sul;1;
jun/21;CENTRO OESTE;Goiás;529724;180131
jun/21;CENTRO OESTE;Mato Grosso;245534;147330
jun/21;CENTRO OESTE;Mato Grosso do Sul;238386;85257
jun/21;NORDESTE;Bahia;26856;16602
jun/21;NORDESTE;Maranhão;2053;21507
jun/21;NORDESTE;Piauí;1785;1392
jun/21;NORTE;Pará;1807;4715
jun/21;NORTE;Tocantins;10583;17946
jun/21;SUDESTE;Espírito Santo;1835;13208
jun/21;SUDESTE;Minas Gerais;217182;195066
jun/21;SUDESTE;Rio de Janeiro;15624;
jun/21;SUDESTE;São Paulo;999164;863876
jun/21;SUL;Paraná;54851;53077
mai/21;CENTRO OESTE;Goiás;463759;176917
mai/21;CENTRO OESTE;Mato Grosso;256907;90589
mai/21;CENTRO OESTE;Mato Grosso do Sul;306531;84743
mai/21;NORDESTE;Bahia;24954;7709
mai/21;NORDESTE;Maranhão;641;17176
mai/21;NORTE;Tocantins;7979;18097
mai/21;SUDESTE;Espírito Santo;2648;8962
mai/21;SUDESTE;Minas Gerais;231239;159330
mai/21;SUDESTE;Rio de Janeiro;8714;
mai/21;SUDESTE;São Paulo;1134782;789325
mai/21;SUL;Paraná;85367;76277
abr/21;CENTRO OESTE;Goiás;259474;50273
abr/21;CENTRO OESTE;Mato Grosso;200675;45188
abr/21;CENTRO OESTE;Mato Grosso do Sul;218198;68923
abr/21;NORDESTE;Alagoas;4431;169
abr/21;NORDESTE;Bahia;15116;2470
abr/21;NORDESTE;Maranhão;372;3035
abr/21;NORDESTE;Paraíba;5191;
abr/21;NORDESTE;Pernambuco;35;
abr/21;NORTE;Tocantins;12009;
abr/21;SUDESTE;Espírito Santo;66;1552
abr/21;SUDESTE;Minas Gerais;165172;60356
abr/21;SUDESTE;Rio de Janeiro;812;
abr/21;SUDESTE;São Paulo;600829;229678
abr/21;SUL;Paraná;111883;48717
mar/21;CENTRO OESTE;Goiás;56985;1645
mar/21;CENTRO OESTE;Mato Grosso;181836;47870
mar/21;CENTRO OESTE;Mato Grosso do Sul;122845;4131
mar/21;NORDESTE;Alagoas;25406;7591
mar/21;NORDESTE;Bahia;6034;565
mar/21;NORDESTE;Paraíba;3493;7660
mar/21;NORDESTE;Pernambuco;2751;
mar/21;NORDESTE;Sergipe;7746;449
mar/21;SUDESTE;Minas Gerais;8828;6797
mar/21;SUDESTE;São Paulo;105390;4224
mar/21;SUL;Paraná;39643;14379
fev/21;CENTRO OESTE;Goiás;31495;6128
fev/21;CENTRO OESTE;Mato Grosso;130806;36048
fev/21;CENTRO OESTE;Mato Grosso do Sul;39695;4642
fev/21;NORDESTE;Alagoas;32438;25061
fev/21;NORDESTE;Paraíba;5831;8703
fev/21;NORDESTE;Pernambuco;17095;4494
fev/21;NORDESTE;Rio Grande do Norte;2874;
fev/21;NORDESTE;Sergipe;15141;1580
fev/21;SUDESTE;Minas Gerais;1;
fev/21;SUDESTE;São Paulo;1523;
fev/21;SUL;Paraná;2350;
jan/21;CENTRO OESTE;Goiás;25663;5888
jan/21;CENTRO OESTE;Mato Grosso;149462;53685
jan/21;CENTRO OESTE;Mato Grosso do Sul;5749;5456
jan/21;NORDESTE;Alagoas;30290;33571
jan/21;NORDESTE;Maranhão;97;410
jan/21;NORDESTE;Paraíba;28699;17583
jan/21;NORDESTE;Pernambuco;42122;13403
jan/21;NORDESTE;Rio Grande do Norte;16889;5237
jan/21;NORDESTE;Sergipe;15537;5262
jan/21;SUDESTE;São Paulo;7622;2430
jan/21;SUL;Paraná;72;
dez/20;CENTRO OESTE;Goiás;43915;6715
dez/20;CENTRO OESTE;Mato Grosso;165941;47366
dez/20;CENTRO OESTE;Mato Grosso do Sul;43687;17195
dez/20;NORDESTE;Alagoas;33523;43748
dez/20;NORDESTE;Bahia;12850;5813
dez/20;NORDESTE;Maranhão;1778;9498
dez/20;NORDESTE;Paraíba;24187;34938
dez/20;NORDESTE;Pernambuco;40858;22434
dez/20;NORDESTE;Rio Grande do Norte;12409;9222
dez/20;NORDESTE;Sergipe;15934;5218
dez/20;NORTE;Amazonas;530;
dez/20;NORTE;Pará;1190;1395
dez/20;SUDESTE;Espírito Santo;101;8119
dez/20;SUDESTE;Minas Gerais;11307;2094
dez/20;SUDESTE;Rio de Janeiro;2385;
dez/20;SUDESTE;São Paulo;28890;13604
dez/20;SUL;Paraná;9304;
dez/20;SUL;Rio Grande do Sul;0;
nov/20;CENTRO OESTE;Goiás;265579;72702
nov/20;CENTRO OESTE;Mato Grosso;148560;82772
nov/20;CENTRO OESTE;Mato Grosso do Sul;170320;61884
nov/20;NORDESTE;Alagoas;36337;36097
nov/20;NORDESTE;Bahia;12372;11712
nov/20;NORDESTE;Maranhão;1503;17115
nov/20;NORDESTE;Paraíba;31593;30573
nov/20;NORDESTE;Pernambuco;27909;29537
nov/20;NORDESTE;Piauí;436;4438
nov/20;NORDESTE;Rio Grande do Norte;8736;7770
nov/20;NORDESTE;Sergipe;16260;4171
nov/20;NORTE;Amazonas;1005;
nov/20;NORTE;Pará;517;5497
nov/20;NORTE;Tocantins;2078;2987
nov/20;SUDESTE;Espírito Santo;498;5944
nov/20;SUDESTE;Minas Gerais;100363;49385
nov/20;SUDESTE;Rio de Janeiro;4980;
nov/20;SUDESTE;São Paulo;426209;320626
nov/20;SUL;Paraná;59266;32014
out/20;CENTRO OESTE;Goiás;478953;145096
out/20;CENTRO OESTE;Mato Grosso;252578;101520
out/20;CENTRO OESTE;Mato Grosso do Sul;219899;73702
out/20;NORDESTE;Alagoas;46090;29727
out/20;NORDESTE;Bahia;23910;20257
out/20;NORDESTE;Maranhão;2986;27540
out/20;NORDESTE;Paraíba;32458;32215
out/20;NORDESTE;Pernambuco;37080;26581
out/20;NORDESTE;Piauí;3487;4096
out/20;NORDESTE;Rio Grande do Norte;14817;5032
out/20;NORDESTE;Sergipe;13818;4440
out/20;NORTE;Amazonas;2820;
out/20;NORTE;Pará;3561;6987
out/20;NORTE;Tocantins;11672;12115
out/20;SUDESTE;Espírito Santo;1979;9363
out/20;SUDESTE;Minas Gerais;235966;142669
out/20;SUDESTE;Rio de Janeiro;16625;
out/20;SUDESTE;São Paulo;1026410;742034
out/20;SUL;Paraná;73911;81726
set/20;CENTRO OESTE;Goiás;629040;174982
set/20;CENTRO OESTE;Mato Grosso;253919;142764
set/20;CENTRO OESTE;Mato Grosso do Sul;310476;112826
set/20;NORDESTE;Alagoas;24061;6034
set/20;NORDESTE;Bahia;23685;20762
set/20;NORDESTE;Maranhão;2643;25929
set/20;NORDESTE;Paraíba;32658;25186
set/20;NORDESTE;Pernambuco;34279;5788
set/20;NORDESTE;Piauí;2133;6333
set/20;NORDESTE;Rio Grande do Norte;19731;2417
set/20;NORDESTE;Sergipe;2226;
set/20;NORTE;Amazonas;2281;
set/20;NORTE;Pará;1718;7230
set/20;NORTE;Tocantins;14450;13029
set/20;SUDESTE;Espírito Santo;1806;11664
set/20;SUDESTE;Minas Gerais;350330;145574
set/20;SUDESTE;Rio de Janeiro;24679;
set/20;SUDESTE;São Paulo;1350952;815876
set/20;SUL;Paraná;95633;101009
ago/20;CENTRO OESTE;Goiás;679942;185029
ago/20;CENTRO OESTE;Mato Grosso;254662;117836
ago/20;CENTRO OESTE;Mato Grosso do Sul;280128;85990
ago/20;NORDESTE;Alagoas;1332;102
ago/20;NORDESTE;Bahia;22642;15590
ago/20;NORDESTE;Maranhão;2022;26634
ago/20;NORDESTE;Paraíba;18790;19942
ago/20;NORDESTE;Pernambuco;2363;858
ago/20;NORDESTE;Piauí;2045;6654
ago/20;NORDESTE;Rio Grande do Norte;8055;1658
ago/20;NORTE;Amazonas;2262;
ago/20;NORTE;Pará;1775;7725
ago/20;NORTE;Tocantins;14376;15389
ago/20;SUDESTE;Espírito Santo;1957;12510
ago/20;SUDESTE;Minas Gerais;337591;168383
ago/20;SUDESTE;Rio de Janeiro;30784;
ago/20;SUDESTE;São Paulo;1459643;719285
ago/20;SUL;Paraná;81871;67403
ago/20;SUL;Rio Grande do Sul;88;
jul/20;CENTRO OESTE;Goiás;619347;190231
jul/20;CENTRO OESTE;Mato Grosso;259113;100328
jul/20;CENTRO OESTE;Mato Grosso do Sul;321670;120532
jul/20;NORDESTE;Bahia;21184;16963
jul/20;NORDESTE;Maranhão;2790;23371
jul/20;NORDESTE;Paraíba;3441;3232
jul/20;NORDESTE;Piauí;1655;6271
jul/20;NORTE;Amazonas;110;
jul/20;NORTE;Pará;1140;6627
jul/20;NORTE;Tocantins;12583;14788
jul/20;SUDESTE;Espírito Santo;1558;10826
jul/20;SUDESTE;Minas Gerais;352444;133675
jul/20;SUDESTE;Rio de Janeiro;31872;
jul/20;SUDESTE;São Paulo;1475375;757806
jul/20;SUL;Paraná;98344;84671
jun/20;CENTRO OESTE;Goiás;573210;158068
jun/20;CENTRO OESTE;Mato Grosso;221528;94832
jun/20;CENTRO OESTE;Mato Grosso do Sul;230704;65384
jun/20;NORDESTE;Alagoas;16;
jun/20;NORDESTE;Bahia;18553;14464
jun/20;NORDESTE;Maranhão;1303;16499
jun/20;NORDESTE;Piauí;721;344
jun/20;NORTE;Pará;1825;3154
jun/20;NORTE;Tocantins;9915;14999
jun/20;SUDESTE;Espírito Santo;1778;7543
jun/20;SUDESTE;Minas Gerais;286896;133321
jun/20;SUDESTE;Rio de Janeiro;16845;
jun/20;SUDESTE;São Paulo;1292693;619453
jun/20;SUL;Paraná;72456;56647
mai/20;CENTRO OESTE;Goiás;443391;128625
mai/20;CENTRO OESTE;Mato Grosso;210130;55023
mai/20;CENTRO OESTE;Mato Grosso do Sul;237795;55447
mai/20;NORDESTE;Alagoas;1443;103
mai/20;NORDESTE;Bahia;18240;9058
mai/20;NORDESTE;Maranhão;109;12094
mai/20;NORTE;Tocantins;10418;12875
mai/20;SUDESTE;Espírito Santo;455;4936
mai/20;SUDESTE;Minas Gerais;234881;116178
mai/20;SUDESTE;Rio de Janeiro;7921;
mai/20;SUDESTE;São Paulo;1390115;606576
mai/20;SUL;Paraná;104457;59135
abr/20;CENTRO OESTE;Goiás;284202;32703
abr/20;CENTRO OESTE;Mato Grosso;155183;45972
abr/20;CENTRO OESTE;Mato Grosso do Sul;234030;39298
abr/20;NORDESTE;Alagoas;6904;3855
abr/20;NORDESTE;Bahia;3087;2402
abr/20;NORDESTE;Maranhão;;732
abr/20;NORDESTE;Paraíba;1258;4521
abr/20;NORDESTE;Pernambuco;415;
abr/20;NORTE;Tocantins;12826;
abr/20;SUDESTE;Espírito Santo;597;
abr/20;SUDESTE;Minas Gerais;165249;74952
abr/20;SUDESTE;Rio de Janeiro;1296;
abr/20;SUDESTE;São Paulo;1019681;378399
abr/20;SUL;Paraná;94981;33439
mar/20;CENTRO OESTE;Goiás;96146;
mar/20;CENTRO OESTE;Mato Grosso;117687;43735
mar/20;CENTRO OESTE;Mato Grosso do Sul;144387;30860
mar/20;NORDESTE;Alagoas;11905;6897
mar/20;NORDESTE;Paraíba;3098;8660
mar/20;NORDESTE;Pernambuco;18460;3518
mar/20;NORDESTE;Sergipe;743;
mar/20;SUDESTE;Minas Gerais;36246;711
mar/20;SUDESTE;São Paulo;166160;27979
mar/20;SUL;Paraná;25056;19772
fev/20;CENTRO OESTE;Goiás;61023;
fev/20;CENTRO OESTE;Mato Grosso;94180;27376
fev/20;CENTRO OESTE;Mato Grosso do Sul;16852;4045
fev/20;NORDESTE;Alagoas;31310;22559
fev/20;NORDESTE;Paraíba;18018;7724
fev/20;NORDESTE;Pernambuco;55053;7023
fev/20;NORDESTE;Rio Grande do Norte;7709;130
fev/20;NORDESTE;Sergipe;6794;1709
fev/20;SUDESTE;Espírito Santo;322;1874
fev/20;SUDESTE;São Paulo;2216;1715
fev/20;SUL;Paraná;4064;1832
jan/20;CENTRO OESTE;Goiás;46113;3040
jan/20;CENTRO OESTE;Mato Grosso;89633;41235
jan/20;CENTRO OESTE;Mato Grosso do Sul;6;138
jan/20;NORDESTE;Alagoas;46379;37480
jan/20;NORDESTE;Paraíba;32383;30653
jan/20;NORDESTE;Pernambuco;64960;17902
jan/20;NORDESTE;Rio Grande do Norte;14998;5619
jan/20;NORDESTE;Sergipe;21392;4451
jan/20;NORTE;Rondônia;66;
jan/20;SUDESTE;Espírito Santo;334;5531
jan/20;SUDESTE;São Paulo;2864;2997
jan/20;SUL;Paraná;4657;2222
dez/19;CENTRO OESTE;Goiás;100179;9982
dez/19;CENTRO OESTE;Mato Grosso;82381;45012
dez/19;CENTRO OESTE;Mato Grosso do Sul;17440;6773
dez/19;NORDESTE;Alagoas;52650;40902
dez/19;NORDESTE;Maranhão;852;6739
dez/19;NORDESTE;Paraíba;32085;38978
dez/19;NORDESTE;Pernambuco;63172;28520
dez/19;NORDESTE;Piauí;3123;688
dez/19;NORDESTE;Rio Grande do Norte;15472;6586
dez/19;NORDESTE;Sergipe;19318;7196
dez/19;NORTE;Amazonas;992;
dez/19;NORTE;Pará;1163;5289
dez/19;NORTE;Rondônia;293;
dez/19;NORTE;Tocantins;2021;
dez/19;SUDESTE;Espírito Santo;327;7322
dez/19;SUDESTE;Minas Gerais;26225;3405
dez/19;SUDESTE;São Paulo;71599;26687
dez/19;SUL;Paraná;6715;1093
nov/19;CENTRO OESTE;Goiás;329374;80000
nov/19;CENTRO OESTE;Mato Grosso;146283;49609
nov/19;CENTRO OESTE;Mato Grosso do Sul;93207;38863
nov/19;NORDESTE;Alagoas;52607;42066
nov/19;NORDESTE;Bahia;2959;8114
nov/19;NORDESTE;Maranhão;2060;15577
nov/19;NORDESTE;Paraíba;27749;37624
nov/19;NORDESTE;Pernambuco;52678;29982
nov/19;NORDESTE;Piauí;2881;4386
nov/19;NORDESTE;Rio Grande do Norte;17690;6340
nov/19;NORDESTE;Sergipe;19497;5516
nov/19;NORTE;Amazonas;2767;
nov/19;NORTE;Pará;2488;7147
nov/19;NORTE;Rondônia;474;
nov/19;NORTE;Tocantins;7385;10176
nov/19;SUDESTE;Espírito Santo;351;5864
nov/19;SUDESTE;Minas Gerais;180370;48652
nov/19;SUDESTE;São Paulo;661083;395386
nov/19;SUL;Paraná;61981;20603
nov/19;SUL;Rio Grande do Sul;58;
out/19;CENTRO OESTE;Goiás;580606;131660
out/19;CENTRO OESTE;Mato Grosso;194107;79346
out/19;CENTRO OESTE;Mato Grosso do Sul;266492;82066
out/19;NORDESTE;Alagoas;54259;36102
out/19;NORDESTE;Bahia;21337;14743
out/19;NORDESTE;Maranhão;2631;20126
out/19;NORDESTE;Paraíba;31483;34002
out/19;NORDESTE;Pernambuco;54111;21319
out/19;NORDESTE;Piauí;3765;5763
out/19;NORDESTE;Rio Grande do Norte;24955;3355
out/19;NORDESTE;Sergipe;17930;3170
out/19;NORTE;Amazonas;1935;
out/19;NORTE;Pará;4468;5216
out/19;NORTE;Rondônia;586;
out/19;NORTE;Tocantins;8498;14748
out/19;SUDESTE;Espírito Santo;1703;9649
out/19;SUDESTE;Minas Gerais;352329;103365
out/19;SUDESTE;Rio de Janeiro;5301;
out/19;SUDESTE;São Paulo;1582724;769479
out/19;SUL;Paraná;139675;78232
out/19;SUL;Rio Grande do Sul;243;
set/19;CENTRO OESTE;Goiás;692578;93061
set/19;CENTRO OESTE;Mato Grosso;226661;71598
set/19;CENTRO OESTE;Mato Grosso do Sul;362064;88440
set/19;NORDESTE;Alagoas;34118;10895
set/19;NORDESTE;Bahia;25192;15114
set/19;NORDESTE;Maranhão;4113;23040
set/19;NORDESTE;Paraíba;34160;22452
set/19;NORDESTE;Pernambuco;28134;7271
set/19;NORDESTE;Piauí;7096;1797
set/19;NORDESTE;Rio Grande do Norte;15875;832
set/19;NORDESTE;Sergipe;3493;
set/19;NORTE;Amazonas;1337;
set/19;NORTE;Pará;1683;6477
set/19;NORTE;Rondônia;614;
set/19;NORTE;Tocantins;14957;10692
set/19;SUDESTE;Espírito Santo;1039;13764
set/19;SUDESTE;Minas Gerais;398146;140590
set/19;SUDESTE;Rio de Janeiro;14323;
set/19;SUDESTE;São Paulo;1556298;751201
set/19;SUL;Paraná;146686;80512
set/19;SUL;Rio Grande do Sul;548;
ago/19;CENTRO OESTE;Goiás;712479;118579
ago/19;CENTRO OESTE;Mato Grosso;207198;68378
ago/19;CENTRO OESTE;Mato Grosso do Sul;428578;99461
ago/19;NORDESTE;Alagoas;6934;201
ago/19;NORDESTE;Bahia;27233;14087
ago/19;NORDESTE;Maranhão;8738;27570
ago/19;NORDESTE;Paraíba;25657;17711
ago/19;NORDESTE;Pernambuco;2507;277
ago/19;NORDESTE;Piauí;7680;807
ago/19;NORDESTE;Rio Grande do Norte;4132;
ago/19;NORTE;Amazonas;1233;
ago/19;NORTE;Pará;1517;7553
ago/19;NORTE;Rondônia;793;
ago/19;NORTE;Tocantins;8316;19552
ago/19;SUDESTE;Espírito Santo;557;14448
ago/19;SUDESTE;Minas Gerais;391926;176701
ago/19;SUDESTE;Rio de Janeiro;22727;
ago/19;SUDESTE;São Paulo;1758127;904786
ago/19;SUL;Paraná;196590;98452
ago/19;SUL;Rio Grande do Sul;675;
jul/19;CENTRO OESTE;Goiás;699475;108721
jul/19;CENTRO OESTE;Mato Grosso;164498;103947
jul/19;CENTRO OESTE;Mato Grosso do Sul;393556;84723
jul/19;NORDESTE;Bahia;28819;13118
jul/19;NORDESTE;Maranhão;3818;23811
jul/19;NORDESTE;Paraíba;6031;2498
jul/19;NORDESTE;Piauí;3639;3364
jul/19;NORTE;Amazonas;551;
jul/19;NORTE;Pará;2536;6852
jul/19;NORTE;Rondônia;810;
jul/19;NORTE;Tocantins;15149;6455
jul/19;SUDESTE;Espírito Santo;2339;19038
jul/19;SUDESTE;Minas Gerais;384120;190212
jul/19;SUDESTE;Rio de Janeiro;25630;
jul/19;SUDESTE;São Paulo;1571070;888342
jul/19;SUL;Paraná;129212;101832
jul/19;SUL;Rio Grande do Sul;116;
jun/19;CENTRO OESTE;Goiás;639011;112927
jun/19;CENTRO OESTE;Mato Grosso;132040;116405
jun/19;CENTRO OESTE;Mato Grosso do Sul;353666;87284
jun/19;NORDESTE;Bahia;19378;13371
jun/19;NORDESTE;Maranhão;3486;16960
jun/19;NORDESTE;Piauí;1471;
jun/19;NORTE;Pará;1804;4356
jun/19;NORTE;Rondônia;542;
jun/19;NORTE;Tocantins;13481;7927
jun/19;SUDESTE;Espírito Santo;2243;17918
jun/19;SUDESTE;Minas Gerais;314095;180216
jun/19;SUDESTE;Rio de Janeiro;15773;
jun/19;SUDESTE;São Paulo;1459884;870679
jun/19;SUL;Paraná;125294;76337
mai/19;CENTRO OESTE;Goiás;521159;89978
mai/19;CENTRO OESTE;Mato Grosso;138129;73640
mai/19;CENTRO OESTE;Mato Grosso do Sul;311858;93022
mai/19;NORDESTE;Bahia;30065;4736
mai/19;NORDESTE;Maranhão;8;8216
mai/19;NORTE;Pará;44;
mai/19;NORTE;Rondônia;391;
mai/19;NORTE;Tocantins;5842;11986
mai/19;SUDESTE;Espírito Santo;3765;9284
mai/19;SUDESTE;Minas Gerais;304513;120211
mai/19;SUDESTE;Rio de Janeiro;6647;
mai/19;SUDESTE;São Paulo;1354345;770211
mai/19;SUL;Paraná;126462;66363
abr/19;CENTRO OESTE;Goiás;281750;26710
abr/19;CENTRO OESTE;Mato Grosso;111717;24940
abr/19;CENTRO OESTE;Mato Grosso do Sul;275730;45192
abr/19;NORDESTE;Alagoas;7001;3276
abr/19;NORDESTE;Bahia;10734;96
abr/19;NORDESTE;Paraíba;570;
abr/19;NORTE;Rondônia;233;
abr/19;NORTE;Tocantins;9185;
abr/19;SUDESTE;Espírito Santo;600;660
abr/19;SUDESTE;Minas Gerais;199062;40820
abr/19;SUDESTE;Rio de Janeiro;1219;
abr/19;SUDESTE;São Paulo;830469;249544
abr/19;SUL;Paraná;131958;31700
mar/19;CENTRO OESTE;Goiás;80396;4260
mar/19;CENTRO OESTE;Mato Grosso;74679;17429
mar/19;CENTRO OESTE;Mato Grosso do Sul;104445;15696
mar/19;NORDESTE;Alagoas;21997;13012
mar/19;NORDESTE;Paraíba;278;9010
mar/19;NORDESTE;Pernambuco;5557;
mar/19;NORTE;Rondônia;112;
mar/19;SUDESTE;Minas Gerais;20947;2756
mar/19;SUDESTE;São Paulo;145286;29624
mar/19;SUL;Paraná;23733;12665
fev/19;CENTRO OESTE;Goiás;22957;5848
fev/19;CENTRO OESTE;Mato Grosso;44295;11578
fev/19;CENTRO OESTE;Mato Grosso do Sul;30129;5230
fev/19;NORDESTE;Alagoas;31886;21688
fev/19;NORDESTE;Paraíba;1378;8339
fev/19;NORDESTE;Pernambuco;15626;6720
fev/19;NORDESTE;Rio Grande do Norte;1011;280
fev/19;NORDESTE;Sergipe;2802;2322
fev/19;SUDESTE;Espírito Santo;219;786
fev/19;SUDESTE;São Paulo;5522;2507
fev/19;SUL;Paraná;2856;2030
jan/19;CENTRO OESTE;Goiás;21947;6728
jan/19;CENTRO OESTE;Mato Grosso;37365;33146
jan/19;CENTRO OESTE;Mato Grosso do Sul;17808;23148
jan/19;NORDESTE;Alagoas;42104;31461
jan/19;NORDESTE;Paraíba;15903;13118
jan/19;NORDESTE;Pernambuco;41719;10357
jan/19;NORDESTE;Rio Grande do Norte;11526;1588
jan/19;NORDESTE;Sergipe;17139;3443
jan/19;NORTE;Pará;1402;1237
jan/19;SUDESTE;Espírito Santo;1131;7962
jan/19;SUDESTE;Minas Gerais;546;
jan/19;SUDESTE;São Paulo;10383;2691
jan/19;SUL;Paraná;3655;
dez/18;CENTRO OESTE;Goiás;128440;7425
dez/18;CENTRO OESTE;Mato Grosso;76543;15321
dez/18;CENTRO OESTE;Mato Grosso do Sul;144581;46461
dez/18;NORDESTE;Alagoas;60676;28454
dez/18;NORDESTE;Bahia;3165;2015
dez/18;NORDESTE;Maranhão;;650
dez/18;NORDESTE;Paraíba;39042;25072
dez/18;NORDESTE;Pernambuco;80315;10609
dez/18;NORDESTE;Piauí;3402;
dez/18;NORDESTE;Rio Grande do Norte;15624;1854
dez/18;NORDESTE;Sergipe;23321;3257
dez/18;NORTE;Pará;718;3916
dez/18;NORTE;Rondônia;47;
dez/18;NORTE;Tocantins;1925;
dez/18;SUDESTE;Espírito Santo;362;6578
dez/18;SUDESTE;Minas Gerais;65494;3705
dez/18;SUDESTE;Rio de Janeiro;3144;
dez/18;SUDESTE;São Paulo;318040;41324
dez/18;SUL;Paraná;60970;5264
nov/18;CENTRO OESTE;Goiás;181184;38843
nov/18;CENTRO OESTE;Mato Grosso;84204;40329
nov/18;CENTRO OESTE;Mato Grosso do Sul;205638;83594
nov/18;NORDESTE;Alagoas;56427;36860
nov/18;NORDESTE;Bahia;15471;9922
nov/18;NORDESTE;Maranhão;535;13117
nov/18;NORDESTE;Paraíba;47430;25302
nov/18;NORDESTE;Pernambuco;80717;15259
nov/18;NORDESTE;Piauí;4854;2822
nov/18;NORDESTE;Rio Grande do Norte;19118;4276
nov/18;NORDESTE;Sergipe;18157;6924
nov/18;NORTE;Amazonas;1143;
nov/18;NORTE;Pará;399;6027
nov/18;NORTE;Rondônia;191;
nov/18;NORTE;Tocantins;15156;2399
nov/18;SUDESTE;Espírito Santo;2683;10002
nov/18;SUDESTE;Minas Gerais;121972;29117
nov/18;SUDESTE;Rio de Janeiro;7622;
nov/18;SUDESTE;São Paulo;674439;241056
nov/18;SUL;Paraná;112962;37076
nov/18;SUL;Rio Grande do Sul;0;
out/18;CENTRO OESTE;Goiás;432137;63656
out/18;CENTRO OESTE;Mato Grosso;126597;61483
out/18;CENTRO OESTE;Mato Grosso do Sul;191755;69835
out/18;NORDESTE;Alagoas;61491;31549
out/18;NORDESTE;Bahia;23451;15098
out/18;NORDESTE;Maranhão;2522;19113
out/18;NORDESTE;Paraíba;41926;31718
out/18;NORDESTE;Pernambuco;67518;26774
out/18;NORDESTE;Piauí;4579;4139
out/18;NORDESTE;Rio Grande do Norte;19451;4766
out/18;NORDESTE;Sergipe;17595;2651
out/18;NORTE;Amazonas;2391;
out/18;NORTE;Pará;1829;6607
out/18;NORTE;Rondônia;240;
out/18;NORTE;Tocantins;6470;13471
out/18;SUDESTE;Espírito Santo;3593;11741
out/18;SUDESTE;Minas Gerais;287331;78362
out/18;SUDESTE;Rio de Janeiro;17056;
out/18;SUDESTE;São Paulo;969034;441979
out/18;SUL;Paraná;83055;30938
out/18;SUL;Rio Grande do Sul;478;
set/18;CENTRO OESTE;Goiás;565324;79836
set/18;CENTRO OESTE;Mato Grosso;137758;74838
set/18;CENTRO OESTE;Mato Grosso do Sul;240435;81013
set/18;NORDESTE;Alagoas;28292;11083
set/18;NORDESTE;Bahia;29657;11246
set/18;NORDESTE;Maranhão;3774;21232
set/18;NORDESTE;Paraíba;45794;22523
set/18;NORDESTE;Pernambuco;50616;9909
set/18;NORDESTE;Piauí;2654;2876
set/18;NORDESTE;Rio Grande do Norte;18073;2800
set/18;NORDESTE;Sergipe;2792;502
set/18;NORTE;Amazonas;511;
set/18;NORTE;Pará;2280;5650
set/18;NORTE;Rondônia;369;
set/18;NORTE;Tocantins;7628;16058
set/18;SUDESTE;Espírito Santo;4317;16138
set/18;SUDESTE;Minas Gerais;339863;125362
set/18;SUDESTE;Rio de Janeiro;23103;
set/18;SUDESTE;São Paulo;1346550;671009
set/18;SUL;Paraná;128402;51265
set/18;SUL;Rio Grande do Sul;646;
ago/18;CENTRO OESTE;Goiás;648079;89927
ago/18;CENTRO OESTE;Mato Grosso;143378;90542
ago/18;CENTRO OESTE;Mato Grosso do Sul;301482;102642
ago/18;NORDESTE;Alagoas;2928;1749
ago/18;NORDESTE;Bahia;27479;12951
ago/18;NORDESTE;Maranhão;6963;25981
ago/18;NORDESTE;Paraíba;34240;15410
ago/18;NORDESTE;Pernambuco;10714;219
ago/18;NORDESTE;Piauí;98;4131
ago/18;NORDESTE;Rio Grande do Norte;3643;968
ago/18;NORTE;Amazonas;1317;
ago/18;NORTE;Pará;2000;5166
ago/18;NORTE;Rondônia;382;
ago/18;NORTE;Tocantins;11692;13879
ago/18;SUDESTE;Espírito Santo;4355;15525
ago/18;SUDESTE;Minas Gerais;376690;132773
ago/18;SUDESTE;Rio de Janeiro;23067;
ago/18;SUDESTE;São Paulo;1492165;809910
ago/18;SUL;Paraná;121214;67855
ago/18;SUL;Rio Grande do Sul;810;
jul/18;CENTRO OESTE;Goiás;609755;122109
jul/18;CENTRO OESTE;Mato Grosso;116640;113985
jul/18;CENTRO OESTE;Mato Grosso do Sul;391884;132042
jul/18;NORDESTE;Bahia;23213;13018
jul/18;NORDESTE;Maranhão;7380;26053
jul/18;NORDESTE;Paraíba;5520;1127
jul/18;NORDESTE;Piauí;3246;3172
jul/18;NORDESTE;Rio Grande do Norte;576;
jul/18;NORTE;Amazonas;106;
jul/18;NORTE;Pará;965;5020
jul/18;NORTE;Rondônia;160;
jul/18;NORTE;Tocantins;17776;5724
jul/18;SUDESTE;Espírito Santo;3632;17380
jul/18;SUDESTE;Minas Gerais;385127;134729
jul/18;SUDESTE;Rio de Janeiro;21103;
jul/18;SUDESTE;São Paulo;1695895;946693
jul/18;SUL;Paraná;179514;105187
jul/18;SUL;Rio Grande do Sul;256;
jun/18;CENTRO OESTE;Goiás;557848;109643
jun/18;CENTRO OESTE;Mato Grosso;117108;93768
jun/18;CENTRO OESTE;Mato Grosso do Sul;331323;93626
jun/18;NORDESTE;Bahia;20578;9796
jun/18;NORDESTE;Maranhão;3687;14528
jun/18;NORDESTE;Pernambuco;9;
jun/18;NORDESTE;Piauí;629;876
jun/18;NORTE;Pará;441;2447
jun/18;NORTE;Tocantins;11877;10315
jun/18;SUDESTE;Espírito Santo;2423;14067
jun/18;SUDESTE;Minas Gerais;321601;137906
jun/18;SUDESTE;Rio de Janeiro;2165;
jun/18;SUDESTE;São Paulo;1572391;884754
jun/18;SUL;Paraná;143219;80828
mai/18;CENTRO OESTE;Goiás;446855;71086
mai/18;CENTRO OESTE;Mato Grosso;103360;90198
mai/18;CENTRO OESTE;Mato Grosso do Sul;265673;57184
mai/18;NORDESTE;Bahia;17469;5395
mai/18;NORDESTE;Maranhão;4;2077
mai/18;NORTE;Tocantins;7732;7852
mai/18;SUDESTE;Espírito Santo;1861;11013
mai/18;SUDESTE;Minas Gerais;274064;120720
mai/18;SUDESTE;São Paulo;1439583;716881
mai/18;SUL;Paraná;123320;67837
mai/18;SUL;Rio Grande do Sul;1;
abr/18;CENTRO OESTE;Goiás;233273;30798
abr/18;CENTRO OESTE;Mato Grosso;79029;28904
abr/18;CENTRO OESTE;Mato Grosso do Sul;250233;78552
abr/18;NORDESTE;Alagoas;2524;1642
abr/18;NORDESTE;Bahia;5006;772
abr/18;NORDESTE;Paraíba;8775;
abr/18;NORDESTE;Pernambuco;4571;80
abr/18;NORTE;Tocantins;5266;
abr/18;SUDESTE;Espírito Santo;1536;365
abr/18;SUDESTE;Minas Gerais;218215;64624
abr/18;SUDESTE;São Paulo;1181314;351775
abr/18;SUL;Paraná;125250;56634
mar/18;CENTRO OESTE;Goiás;31051;
mar/18;CENTRO OESTE;Mato Grosso;44389;11702
mar/18;CENTRO OESTE;Mato Grosso do Sul;97579;19655
mar/18;NORDESTE;Alagoas;10741;12450
mar/18;NORDESTE;Paraíba;4740;6828
mar/18;NORDESTE;Pernambuco;12042;1804
mar/18;NORDESTE;Rio Grande do Norte;2746;1167
mar/18;NORDESTE;Sergipe;1859;1840
mar/18;SUDESTE;Minas Gerais;37623;2321
mar/18;SUDESTE;São Paulo;319852;19960
mar/18;SUL;Paraná;19438;14965
fev/18;CENTRO OESTE;Goiás;26906;
fev/18;CENTRO OESTE;Mato Grosso;38526;8827
fev/18;CENTRO OESTE;Mato Grosso do Sul;47800;1235
fev/18;NORDESTE;Alagoas;20386;25397
fev/18;NORDESTE;Paraíba;5290;13954
fev/18;NORDESTE;Pernambuco;32348;4715
fev/18;NORDESTE;Rio Grande do Norte;4703;1556
fev/18;NORDESTE;Sergipe;5571;3242
fev/18;SUDESTE;São Paulo;11584;789
fev/18;SUL;Paraná;7361;91
fev/18;SUL;Rio Grande do Sul;1;
jan/18;CENTRO OESTE;Goiás;14205;3052
jan/18;CENTRO OESTE;Mato Grosso;56053;3800
jan/18;CENTRO OESTE;Mato Grosso do Sul;21394;8357
jan/18;NORDESTE;Alagoas;23501;47953
jan/18;NORDESTE;Paraíba;27881;28472
jan/18;NORDESTE;Pernambuco;40062;17235
jan/18;NORDESTE;Rio Grande do Norte;9163;4415
jan/18;NORDESTE;Sergipe;12063;4430
jan/18;SUDESTE;São Paulo;3745;1402
jan/18;SUL;Paraná;1367;
dez/17;CENTRO OESTE;Goiás;45233;12283
dez/17;CENTRO OESTE;Mato Grosso;52707;3117
dez/17;CENTRO OESTE;Mato Grosso do Sul;64294;15058
dez/17;NORDESTE;Alagoas;22233;50845
dez/17;NORDESTE;Bahia;1054;
dez/17;NORDESTE;Maranhão;8;2424
dez/17;NORDESTE;Paraíba;34087;32805
dez/17;NORDESTE;Pernambuco;41693;29278
dez/17;NORDESTE;Rio Grande do Norte;8024;5676
dez/17;NORDESTE;Sergipe;11877;6780
dez/17;NORTE;Pará;1015;2740
dez/17;NORTE;Rondônia;34;
dez/17;NORTE;Tocantins;417;
dez/17;SUDESTE;Espírito Santo;751;765
dez/17;SUDESTE;Minas Gerais;27821;2483
dez/17;SUDESTE;São Paulo;286779;110830
dez/17;SUL;Paraná;55251;20572
nov/17;CENTRO OESTE;Goiás;247076;61823
nov/17;CENTRO OESTE;Mato Grosso;78042;17570
nov/17;CENTRO OESTE;Mato Grosso do Sul;137580;52666
nov/17;NORDESTE;Alagoas;17084;44266
nov/17;NORDESTE;Bahia;12634;7716
nov/17;NORDESTE;Maranhão;1275;12194
nov/17;NORDESTE;Paraíba;36875;30072
nov/17;NORDESTE;Pernambuco;44650;21001
nov/17;NORDESTE;Piauí;7;2415
nov/17;NORDESTE;Rio Grande do Norte;5781;7621
nov/17;NORDESTE;Sergipe;9300;6589
nov/17;NORTE;Amazonas;946;
nov/17;NORTE;Pará;1511;7429
nov/17;NORTE;Rondônia;171;
nov/17;NORTE;Tocantins;5663;10097
nov/17;SUDESTE;Espírito Santo;2261;8021
nov/17;SUDESTE;Minas Gerais;140181;62850
nov/17;SUDESTE;Rio de Janeiro;243;
nov/17;SUDESTE;São Paulo;552965;420693
nov/17;SUL;Paraná;85580;38767
nov/17;SUL;Rio Grande do Sul;1;
out/17;CENTRO OESTE;Goiás;475831;134684
out/17;CENTRO OESTE;Mato Grosso;123049;57866
out/17;CENTRO OESTE;Mato Grosso do Sul;166466;91792
out/17;NORDESTE;Alagoas;11480;26301
out/17;NORDESTE;Bahia;15705;15054
out/17;NORDESTE;Maranhão;1851;21415
out/17;NORDESTE;Paraíba;30433;34226
out/17;NORDESTE;Pernambuco;40153;13579
out/17;NORDESTE;Piauí;31;5032
out/17;NORDESTE;Rio Grande do Norte;7235;9262
out/17;NORDESTE;Sergipe;5498;1155
out/17;NORTE;Amazonas;739;
out/17;NORTE;Pará;954;8117
out/17;NORTE;Rondônia;500;
out/17;NORTE;Tocantins;8994;17271
out/17;SUDESTE;Espírito Santo;2151;13103
out/17;SUDESTE;Minas Gerais;241256;126007
out/17;SUDESTE;Rio de Janeiro;7023;
out/17;SUDESTE;São Paulo;856772;766669
out/17;SUL;Paraná;59422;55498
out/17;SUL;Rio Grande do Sul;274;
set/17;CENTRO OESTE;Goiás;564423;176097
set/17;CENTRO OESTE;Mato Grosso;103628;97030
set/17;CENTRO OESTE;Mato Grosso do Sul;243240;157709
set/17;NORDESTE;Alagoas;3245;2505
set/17;NORDESTE;Bahia;15489;14036
set/17;NORDESTE;Maranhão;2111;29039
set/17;NORDESTE;Paraíba;29631;24158
set/17;NORDESTE;Pernambuco;15364;3737
set/17;NORDESTE;Piauí;;3805
set/17;NORDESTE;Rio Grande do Norte;7341;2335
set/17;NORTE;Amazonas;585;
set/17;NORTE;Pará;470;7455
set/17;NORTE;Rondônia;624;
set/17;NORTE;Tocantins;11992;13276
set/17;SUDESTE;Espírito Santo;1700;11381
set/17;SUDESTE;Minas Gerais;285156;150770
set/17;SUDESTE;Rio de Janeiro;11790;
set/17;SUDESTE;São Paulo;1147260;1001942
set/17;SUL;Paraná;116997;104624
set/17;SUL;Rio Grande do Sul;722;
ago/17;CENTRO OESTE;Goiás;572889;173664
ago/17;CENTRO OESTE;Mato Grosso;103324;102945
ago/17;CENTRO OESTE;Mato Grosso do Sul;220581;134963
ago/17;NORDESTE;Bahia;13971;13445
ago/17;NORDESTE;Maranhão;7617;28368
ago/17;NORDESTE;Paraíba;23297;13976
ago/17;NORDESTE;Pernambuco;1521;954
ago/17;NORDESTE;Piauí;785;2961
ago/17;NORDESTE;Rio Grande do Norte;2140;
ago/17;NORTE;Amazonas;1986;
ago/17;NORTE;Pará;868;7657
ago/17;NORTE;Rondônia;687;
ago/17;NORTE;Tocantins;8322;19478
ago/17;SUDESTE;Espírito Santo;2057;13033
ago/17;SUDESTE;Minas Gerais;274237;146006
ago/17;SUDESTE;Rio de Janeiro;13260;
ago/17;SUDESTE;São Paulo;966358;873595
ago/17;SUL;Paraná;78466;79768
ago/17;SUL;Rio Grande do Sul;902;
jul/17;CENTRO OESTE;Goiás;622853;258438
jul/17;CENTRO OESTE;Mato Grosso;110911;98228
jul/17;CENTRO OESTE;Mato Grosso do Sul;292488;164048
jul/17;NORDESTE;Bahia;16133;7823
jul/17;NORDESTE;Maranhão;2538;27389
jul/17;NORDESTE;Paraíba;2443;1202
jul/17;NORDESTE;Piauí;;4148
jul/17;NORDESTE;Sergipe;;22
jul/17;NORTE;Amazonas;589;
jul/17;NORTE;Pará;492;6950
jul/17;NORTE;Rondônia;762;
jul/17;NORTE;Tocantins;5277;18866
jul/17;SUDESTE;Espírito Santo;695;9560
jul/17;SUDESTE;Minas Gerais;243004;155906
jul/17;SUDESTE;Rio de Janeiro;11141;
jul/17;SUDESTE;São Paulo;1052387;1068289
jul/17;SUL;Paraná;98468;117221
jul/17;SUL;Rio Grande do Sul;597;
jun/17;CENTRO OESTE;Goiás;469122;154361
jun/17;CENTRO OESTE;Mato Grosso;86575;88583
jun/17;CENTRO OESTE;Mato Grosso do Sul;186136;110129
jun/17;NORDESTE;Alagoas;179;
jun/17;NORDESTE;Bahia;13854;6708
jun/17;NORDESTE;Maranhão;3484;16593
jun/17;NORDESTE;Piauí;;1219
jun/17;NORTE;Pará;2776;3183
jun/17;NORTE;Rondônia;879;
jun/17;NORTE;Tocantins;6441;16173
jun/17;SUDESTE;Espírito Santo;2530;9572
jun/17;SUDESTE;Minas Gerais;190264;166138
jun/17;SUDESTE;Rio de Janeiro;6254;
jun/17;SUDESTE;São Paulo;884415;927815
jun/17;SUL;Paraná;64124;64063
mai/17;CENTRO OESTE;Goiás;384387;135431
mai/17;CENTRO OESTE;Mato Grosso;78360;78554
mai/17;CENTRO OESTE;Mato Grosso do Sul;162863;67954
mai/17;NORDESTE;Bahia;14237;9042
mai/17;NORDESTE;Maranhão;639;5515
mai/17;NORTE;Rondônia;577;
mai/17;NORTE;Tocantins;8082;16158
mai/17;SUDESTE;Espírito Santo;834;9942
mai/17;SUDESTE;Minas Gerais;157339;119423
mai/17;SUDESTE;Rio de Janeiro;4145;
mai/17;SUDESTE;São Paulo;751890;727361
mai/17;SUL;Paraná;64348;52617
abr/17;CENTRO OESTE;Goiás;208909;55863
abr/17;CENTRO OESTE;Mato Grosso;52266;12729
abr/17;CENTRO OESTE;Mato Grosso do Sul;129066;45152
abr/17;NORDESTE;Alagoas;143;2189
abr/17;NORDESTE;Bahia;2980;890
abr/17;NORDESTE;Maranhão;6;
abr/17;NORTE;Rondônia;223;
abr/17;NORTE;Tocantins;5320;4446
abr/17;SUDESTE;Espírito Santo;291;1999
abr/17;SUDESTE;Minas Gerais;121892;71142
abr/17;SUDESTE;Rio de Janeiro;36;
abr/17;SUDESTE;São Paulo;590384;321719
abr/17;SUL;Paraná;52395;30796
mar/17;CENTRO OESTE;Goiás;51959;6071
mar/17;CENTRO OESTE;Mato Grosso;24577;920
mar/17;CENTRO OESTE;Mato Grosso do Sul;89374;30290
mar/17;NORDESTE;Alagoas;1160;13794
mar/17;NORDESTE;Maranhão;93;
mar/17;NORDESTE;Paraíba;340;2446
mar/17;NORDESTE;Pernambuco;2916;
mar/17;NORDESTE;Rio Grande do Norte;2215;
mar/17;NORTE;Rondônia;73;
mar/17;SUDESTE;Minas Gerais;18821;1490
mar/17;SUDESTE;São Paulo;207286;134870
mar/17;SUL;Paraná;22709;22781
fev/17;CENTRO OESTE;Goiás;37161;6253
fev/17;CENTRO OESTE;Mato Grosso;14821;2088
fev/17;CENTRO OESTE;Mato Grosso do Sul;40872;11835
fev/17;NORDESTE;Alagoas;10222;31333
fev/17;NORDESTE;Paraíba;630;4535
fev/17;NORDESTE;Pernambuco;16061;5372
fev/17;NORDESTE;Rio Grande do Norte;2503;16
fev/17;NORDESTE;Sergipe;4784;2260
fev/17;NORTE;Rondônia;151;
fev/17;SUDESTE;Minas Gerais;1564;
fev/17;SUDESTE;São Paulo;39205;19577
fev/17;SUL;Paraná;4056;2656
jan/17;CENTRO OESTE;Goiás;18913;1050
jan/17;CENTRO OESTE;Mato Grosso;26198;991
jan/17;CENTRO OESTE;Mato Grosso do Sul;38657;14849
jan/17;NORDESTE;Alagoas;20218;54683
jan/17;NORDESTE;Paraíba;18073;10406
jan/17;NORDESTE;Pernambuco;18171;27105
jan/17;NORDESTE;Rio Grande do Norte;4443;1757
jan/17;NORDESTE;Sergipe;7910;7561
jan/17;NORTE;Rondônia;221;
jan/17;SUDESTE;Minas Gerais;1619;38
jan/17;SUDESTE;São Paulo;19479;14292
jan/17;SUL;Paraná;190;
